idx,name,score,writer,age_limit
1,인생존망,9.85,박태준,0
2,독립일기,9.97,자까,0
3,모죠의 일지,9.97,모죠,0
4,한림체육관,9.72,혜성,0
5,유미의 세포들,9.93,이동건,0
6,호랑이 들어와요,9.94,배세혁,0
7,삼국지톡,9.94,무적핑크,0
8,약한영웅,9.90,서패스,0
9,겟백,9.98,세윤,0
10,칼가는 소녀,9.97,오리,0
11,닥터앤닥터 육아일기,9.98,닥터베르,0
12,나쁜사람,9.86,둠스,0
13,화장 지워주는 남자,9.94,이연,0
14,오늘의 순정망화,9.98,손하기,0
15,병의 기록,9.76,베어리,0
16,오로지 너를 이기고 싶어,9.96,아마도지,0
17,윌유메리미,9.93,마인드C,0
18,회춘,9.73,기안84,0
19,노곤하개,9.98,홍끼,0
20,언덕 위의 제임스,9.92,쿠당탕,0
21,범이올시다!,9.98,해,0
22,헬프미,9.23,철준,0
23,진짜 정말 맹세코 좋아해,9.87,개차반,0
24,홍시는 날 좋아해!,9.97,강하다,0
25,서브 콤플렉스,9.94,소이,0
26,웰캄투실버라이프,9.97,솔녀,0
27,자판귀,9.95,윤정민,0
28,마음의소리,9.86,조석,0
29,인터셉트,9.92,임주이,0
30,대학일기,9.97,자까,0
31,수상한 비밀상담부,9.93,149,0
32,불발소년,9.85,곤세,0
33,조선왕조실톡,9.89,무적핑크,0
34,다함께 이겨내요,9.88,웹툰작가,0
35,MLB카툰,8.04,최훈,0
36,만물의 영장,9.98,보민,0
37,놓지마 정신줄,9.92,신태훈,0
38,2020 최애캐의 MBTI,9.65,웹툰작가,0
39,힘내요 일본!-[릴레이웹툰],6.99,웹툰작가,0
40,수능일기,9.98,자까,0
41,역전! 야매요리,9.83,정다정,0
42,놓지마 정신줄 시즌2,9.95,신태훈,0
43,세상은 돈과 권력,9.89,한동우,0
44,밥 먹고 갈래요?,9.97,오묘,0
45,와탕카,9.63,우주인,0
46,돼지만화,4.56,돼지작가,0
47,웅이는 배고파,9.73,박웅,0
48,선천적 얼간이들,9.98,가스파드,0
49,낢이 사는 이야기,9.81,서나래,0
50,골방환상곡,9.92,워니,0
51,공감.jpg,4.43,임총,0
52,2019 루키 단편선-지옥캠프,9.88,웹툰작가,0
53,오빠 왔다,9.70,모나,0
54,생활의참견,9.95,김양수,0
55,나는 귀머거리다,9.98,라일라,0
56,플라워(FLOWAR),9.93,홍작가,0
57,패밀리 사이즈,9.96,남지은,0
58,터치! 메리크리스마스,9.78,웹툰작가,0
59,203호 저승사자,9.91,샤니,0
60,공포단편선X,9.71,김대일,0
61,달콤한 인생,9.95,이동건,0
62,자취로운 생활,9.96,츄카피,0
63,와라! 편의점,9.85,지강민,0
64,가우스전자 시즌3~4,9.97,곽백수,0
65,아랫집 시누이,9.95,김진,0
66,지옥,9.77,연상호,0
67,스퍼맨: 현자단의 역습,9.95,하일권,0
68,2019 병영일기,9.83,웹툰작가,0
69,Penguin loves Mev,9.96,펭귄,0
70,트라우마,9.92,곽백수,0
71,모두에게 완자가,9.71,완자,0
72,오늘도 형제는 평화롭다,9.97,GIMS,0
73,혈액형에 관한 간단한 고찰,9.89,박동선,0
74,사소한 냐냐,9.86,LICO,0
75,오늘 밤은 어둠이 무서워요,9.96,김진,0
76,여탕보고서,9.95,마일로,0
77,살인자o난감,9.97,꼬마비,0
78,스퍼맨 시즌2,9.97,하일권,0
79,2D남친 별책부록,9.82,웹툰작가,0
80,우리집에 곰이 이사왔다,9.97,켄타,0
81,슈퍼 시크릿,9.98,이온,0
82,내 ID는 강남미인! - 둘만의 시간,9.96,기맹기,0
83,실질객관동화,9.90,무적핑크,0
84,스마트폰 게임 개발 이야기,9.74,유영욱,0
85,빙탕후루,9.96,장희,0
86,와탕카2,8.99,우주인,0
87,썸남,9.97,배철완,0
88,소년들은 무엇을 하고 있을까,9.41,컷부,0
89,환생동물학교,9.99,엘렌 심,0
90,낢 부럽지 않은 신혼여행기,9.97,서나래,0
91,일상날개짓,9.94,나유진,0
92,식스센스,9.23,릴레이연재,0
93,갸오오와 사랑꾼들,9.94,갸오오,0
94,조석축구만화,9.81,조석,0
95,선녀님은 휴가중,9.25,으늬,0
96,일진에게 회초리,9.95,유승연,0
97,푸들과 Dog거중,9.98,최삡뺩,0
98,빨간책,9.78,랑또,0
99,열대어,9.94,실버벨,0
100,백귀야행지,9.88,아만(阿慢),0
101,언럭키 맨션,9.98,약국,0
102,텍사스홀덤,9.87,onesound,0
103,네이버 앱피소드,9.63,웹툰작가,0
104,만렙소녀 오오라,9.47,김규삼,0
105,모던패밀리 2,9.68,외눈박이,0
106,와라편의점 the animation,9.76,와라패밀리,0
107,판다독,9.84,판다독,0
108,보글보글,9.91,요나,0
109,스쿨홀릭,9.89,신의철,0
110,엔드리스,9.96,윤준식,0
111,3인칭,9.94,꼬마비,0
112,2016 학교 다녀오겠습니다,9.41,웹툰작가,0
113,데우스 엑스 마키나,9.93,꼬마비,0
114,부토,9.92,정현주,0
115,메이크 업 드림 - Make Up Dream,7.12,김계란 X 네이버...,0
116,세상과 하늘 사이,8.96,우기리,0
117,구석구석캠페인,9.21,네이버 웹툰 작가,0
118,내 어린고양이와 늙은개,9.91,초,0
119,취업의소리,9.16,"조석,워니",0
120,27-10,9.93,AJS,0
121,부부생활,9.94,써니사이드업,0
122,한국만화거장전 : 만화보물섬,9.88,한국만화가협회,0
123,갓!김치,7.38,김민우,0
124,일편단심화,9.79,심윤수,0
125,아프니까 병원이다,9.89,고리타,0
126,실질객관영화,9.73,무적핑크,0
127,오빠야 누나야,9.62,긴유,0
128,열정호구,9.93,솔뱅이,0
129,2011 루키 단편선-지옥캠프,9.81,웹툰작가,0
130,한국만화 또 다른 시선,9.75,웹툰작가,0
131,구름의 이동속도,9.98,김이랑,0
132,잡다한컷,9.91,그림왕양치기,0
133,아이키우는만화,9.46,쇼쇼,0
134,홍차리브레,9.98,꼬모소이,0
135,오늘도 핸드메이드!,9.97,소영,0
136,개편 축하 릴레이 카툰,9.55,네이버웹툰작가,0
137,창공의 타이양사무소,9.96,박유나,0
138,성공한 덕후,9.89,옛사람,0
139,아이돌 연구소,9.45,해마,0
140,만 화 고,7.21,김8,0
141,만화사랑 캠페인,6.27,웹툰작가,0
142,도자기,9.78,호연,0
143,내 여자친구는 상남자,9.97,맛스타,0
144,암흑도시,9.93,정뱅,0
145,불괴,9.40,폭주필,0
146,움비처럼,9.89,권혁주,0
147,Yes my boss(예스마이보스),9.97,김밀콩,0
148,엄마와 딸 x2,9.97,필냉이,0
149,내일은 웹툰,9.88,신의철,0
150,2인용 인간,9.86,WONDER,0
151,와장창창! 자취맨,9.95,폭타,0
152,까뱅,8.82,X-TEAM,0
153,태릉좀비촌,9.36,하얀독수리,0
154,영월동 534번지,9.77,임성훈,0
155,토니와 함께,9.92,정성완,0
156,스마일브러시,9.94,와루,0
157,밥풀때기,9.80,Dylan,0
158,1인용 기분,9.97,윤파랑,0
159,어른의 계절,9.83,선홍달,0
160,우리 안의 주,9.12,폭스바니,0
161,견원지간 로맨스,9.60,최현옥,0
162,한스와 에밀리,9.92,김지효,0
163,겨울동화,9.89,심윤수,0
164,피터팬날다,8.82,서랍천사,0
165,"스마일 브러시, 오래된 사진.",9.94,와루,0
166,동경소녀,9.66,로보타,0
167,가족의 초상,9.75,김승택,0
168,판타스틱 어른백서,9.03,이동욱,0
169,징글정글,9.81,김용진,0
170,기기괴괴,9.90,오성대,0
171,살人스타그램,9.59,령,1
172,청춘 블라썸,9.97,홍덕,0
173,단편.zip,9.66,웹툰작가,0
174,히어로메이커,9.96,빤쓰,0
175,AI가 세상을 지배한다면,9.91,POGO,0
176,결혼생활 그림일기,9.93,은꼼지,0
177,내일,9.97,라마,0
178,신상 미스터리 극장,9.72,신상윤,0
179,먹이,9.98,외눈박이,0
180,우리는 요정!,9.92,억수씨,0
181,2020 호랑 공포 단편선,9.87,호랑,0
182,스크립토리움,9.94,Song,0
183,후덜덜덜 남극전자,9.94,김민혁,0
184,로그아웃,9.81,임목원,0
185,당신의 향수,9.98,호우,0
186,이말년씨리즈,8.95,이말년,0
187,덴마,9.54,양영순,0
188,고(故)노무현 前대통령 추모웹툰,9.39,웹툰작가,0
189,마루한 - 구현동화전,9.89,박성우,0
190,하루 3컷,9.91,배진수,0
191,한 살이라도 어릴 때,9.95,"김진, 서나래, ...",0
192,야자괴담,9.95,이도광,0
193,중독연구소,9.89,김택기,0
194,2011 미스테리 단편,8.44,웹툰작가,0
195,2013 전설의고향,9.20,웹툰작가,0
196,죽음에 관하여,9.97,시니,0
197,입시명문사립 정글고등학교,9.91,김규삼,0
198,아스란영웅전,9.94,박성용,0
199,닥터 프로스트 시즌 1~2,9.95,이종범,0
200,이말년씨리즈 2018,8.80,이말년,0
201,금요일 베스트,9.95,배진수,0
202,2015 소름,9.83,웹툰작가,0
203,싸우자귀신아,9.90,임인스,0
204,나는 어디에 있는 거니,9.83,서나래,0
205,낢에게와요,9.88,서나래,0
206,"2014 네이버 웹툰, 왓 이프?",9.69,웹툰작가,0
207,우리들은 푸르다,9.32,문택수,0
208,오민혁 단편선,9.97,오민혁,0
209,DEY 호러채널,9.95,DEY,0
210,삼국전투기,9.37,최훈,0
211,2015 사이,9.88,웹툰작가,0
212,2017 사이다를 부탁해!,9.78,웹툰작가,0
213,2012 지구가 멸망한다면?,9.26,웹툰작가,0
214,자율공상축구탐구만화,9.27,조석,0
215,2018 루키 단편선-지옥캠프,9.89,웹툰작가,0
216,2015 루키 단편선-지옥캠프,9.92,웹툰작가,0
217,2016 비명,9.14,웹툰작가,0
218,공부하기 좋은 날,9.84,황준호,0
219,2017 멋진 신세계,9.93,웹툰작가,0
220,호랭총각,9.90,강호진,0
221,귀전구담,9.98,QTT,0
222,남기한엘리트만들기,9.94,미티,0
223,놓정동화,9.93,신태훈,0
224,2017 루키 단편선-지옥캠프,9.88,웹툰작가,0
225,사랑in,9.51,전세훈,0
226,구름의 노래,9.88,호랑,0
227,차차차,9.94,한나,0
228,천리마 네버다이,9.96,김규삼,0
229,타투,9.19,노지현,0
230,리얼주주,9.87,손태규,0
231,호러전파상,9.74,봄소희,0
232,아이들의 권 선생님,9.95,호우,0
233,2015 우주특집 단편,9.54,웹툰작가,0
234,우바우,9.97,잇선,0
235,가령의 정체불명 이야기,9.95,가령,0
236,고고루키루,9.96,한경찰,0
237,2012 루키 단편선-지옥캠프,9.49,웹툰작가,0
238,카라멜마끼아또,9.90,김명현,0
239,2016 루키 단편선-지옥캠프,9.94,웹툰작가,0
240,킬러 김빵빵,9.82,김레옹,0
241,핑크레이디 클래식,9.91,"연우, 서나",0
242,귀도,9.91,주동근,0
243,2014 루키 단편선-지옥캠프,9.90,웹툰작가,0
244,한국만화거장전,9.90,한국만화가협회,0
245,12차원 소년들,9.89,컷부,0
246,웨스트우드 비브라토,9.92,윤인완,0
247,연,9.78,구아진,0
248,내일은 럭키곰스타,9.52,김풍,0
249,차원이 다른 만화,9.95,요엔,0
250,색으로 말하다,9.90,요한,0
251,네로의 실험실,9.95,외눈박이,0
252,소곤소곤,9.97,옛사람,0
253,수사9단,9.90,김선권,0
254,S라인,9.85,"꼬마비,앙마비",0
255,퓨리스틱,9.94,유성연,0
256,탐구생활3,9.79,메가쇼킹,0
257,2013 루키 단편선-지옥캠프,9.81,웹툰작가,0
258,탐구생활4-그대와 함께 하이킹,9.68,메가쑈킹,0
259,사노라면,9.77,네이버 웹툰 작가,0
260,고(故)길창덕화백 추모웹툰,9.76,웹툰작가,0
261,심부름센터 K,9.63,김선권,0
262,천적,9.83,꼬마비,0
263,레인보우 로즈,9.93,김예린,0
264,국가의 탄생,9.46,고리타,0
265,외모지상주의,9.45,박태준,0
266,여신강림,9.64,야옹이,0
267,싸움독학,9.81,박태준,0
268,연애혁명,9.87,232,0
269,고수,9.97,류기운,0
270,여성전용헬스장 진달래짐,8.74,유기,0
271,프리드로우,9.90,전선욱,0
272,전지적 독자 시점,9.95,UMI,0
273,더 복서,9.94,정지훈,0
274,호랑이형님,9.98,이상규,0
275,데드퀸,9.95,김규삼,0
276,뷰티풀 군바리,9.82,설이,0
277,복학왕,9.15,기안84,0
278,관계의 종말,9.72,김용키,0
279,갓 오브 하이스쿨,9.65,박용제,0
280,바른연애 길잡이,9.97,남수,0
281,윈드브레이커,9.87,조용석,0
282,이두나!,9.96,민송아,0
283,참교육,9.59,채용택,0
284,취사병 전설이 되다,9.95,제이로빈,0
285,백수세끼,9.87,치즈,0
286,소녀의 세계,9.97,모랑지,0
287,바이러스X,8.60,준,0
288,재혼 황후,9.97,알파타르트,0
289,열렙전사,9.95,김세훈,0
290,랜덤채팅의 그녀!,9.71,박은혁,0
291,비질란테,9.98,CRG,0
292,힙한남자,9.76,혜니,0
293,1초,9.98,시니,0
294,하루만 네가 되고 싶어,9.98,삼,0
295,격기3반,9.65,이학,0
296,간 떨어지는 동거,9.97,나,0
297,이번 생도 잘 부탁해,9.98,이혜,0
298,후기,9.95,조석,0
299,튜토리얼 탑의 고인물,9.33,방구석김씨,0
300,사신소년,9.92,류,0
301,장씨세가 호위무사,9.97,조형근,0
302,개를 낳았다,9.97,이선,0
303,노답소녀,9.87,석우,0
304,나노마신,9.95,현절무,0
305,여주실격!,9.94,기맹기,0
306,초인의 시대,9.96,섭이,0
307,헬58,9.95,장성준,1
308,하렘의 남자들,9.81,"알파타르트,히어리...",0
309,신도림,9.95,오세형,0
310,중증외상센터 : 골든 아워,9.97,한산이가,0
311,파이게임,9.92,배진수,0
312,캐슬,9.97,정연,0
313,맘마미안,9.96,미티,0
314,화이트 블러드,9.97,임리나,0
315,앵무살수,9.97,김성진,0
316,사상최강,9.53,황규영,0
317,남주의 첫날밤을 가져버렸다,9.97,"황도톨,티바",0
318,하드캐리,9.91,조양,0
319,소녀재판,9.73,루즌아,0
320,스터디그룹,9.96,신형욱,0
321,입학용병,9.77,YC,0
322,원수를 사랑하라,9.95,정윤,0
323,왕년엔 용사님,9.93,고샤,0
324,만렙돌파,8.33,"성불예정,홍실",0
325,전자오락수호대,9.97,가스파드,0
326,연놈,9.86,상하,0
327,고삼무쌍,9.94,B급달궁,0
328,레사 시즌2~3,9.97,POGO,0
329,유일무이 로맨스,9.98,두부,0
330,뫼신 사냥꾼,9.87,윤현승,0
331,천하제일인,9.76,권순규,0
332,광장,9.97,오세형,0
333,성인초딩,9.56,미티,0
334,일렉시드,9.73,손제호,0
335,낙향문사전,9.93,바킹독,0
336,원주민 공포만화,9.91,원주민,0
337,무사만리행,9.92,운,0
338,꽃만 키우는데 너무강함,9.97,쿰타타,0
339,걸어서 30분,9.98,이온도,0
340,토끼대왕,9.93,김숭늉,1
341,도망자,9.88,신영우,0
342,달콤살벌한 부부,9.92,플라비,0
343,민간인 통제구역,9.96,OSIK,0
344,아이레,9.67,설이,0
345,난약,9.95,정현주,0
346,판타지 여동생!,9.87,유누,0
347,경비 배두만,9.95,이영곤,0
348,요리GO,9.93,HO9,0
349,집이 없어,9.95,와난,0
350,극야,9.96,운,0
351,사냥개들,9.75,정찬,1
352,현혹,9.98,홍작가,0
353,던전 씹어먹는 아티팩트,9.73,엄키,0
354,신의 탑,9.94,SIU,0
355,빌드업,9.90,911,0
356,벚꽃이 흩날릴 무렵,9.76,황양,1
357,어글리후드,9.98,미애,0
358,나를 바꿔줘,9.80,이지호,0
359,나이트런,9.93,김성민,0
360,냐한남자,9.98,올소,0
361,신비,9.98,반지,0
362,아홉수 우리들,9.98,수박양,0
363,체크포인트,9.96,송가,0
364,당신의 과녁,9.96,고태호,0
365,쿠베라,9.96,카레곰,0
366,트롤트랩,9.95,유비,0
367,견우와 선녀,9.97,안수민,0
368,플레이어,9.88,박종석,0
369,복학생 정순이,9.96,한짜장,0
370,선의의 경쟁,9.94,송채윤,0
371,악마와 계약연애,9.98,장진,0
372,최강전설 강해효,9.64,최병열,0
373,구남친이 내게 반했다,9.89,강하다,0
374,각자의 디데이,9.96,오묘,0
375,행성인간,9.95,조석,0
376,귀곡의 문,9.98,삼촌,0
377,합격시켜주세용,9.98,이온,0
378,싸이코 리벤지,9.83,기송,0
379,무모협지,9.95,초신우,0
380,빅맨,9.75,하하영,0
381,두번째 생일,9.88,스프링,0
382,마법스크롤 상인 지오,9.96,엄재경,0
383,용왕님의 셰프가 되었습니다,9.98,문백경,0
384,정순애 식당,9.98,아르몽,0
385,마녀와 용의 신혼일기,9.93,뉴릉이,0
386,갓핑크,9.96,이상신,0
387,성경의 역사,9.13,최경민,0
388,옆집친구,9.88,이한솔,0
389,오피스 누나 이야기,9.74,김자네,0
390,인어를 위한 수영교실,9.98,용찬,0
391,헬퍼 2 : 킬베로스,9.25,삭,0
392,보살님이 캐리해!,9.79,성코,0
393,로어 올림푸스,9.84,레이첼 스마이스,0
394,마른 가지에 바람처럼,9.96,달새울,0
395,태백 : 튜토리얼 맨,9.91,이난,0
396,아는 여자애,9.97,허니비,0
397,가슴털 로망스,9.91,갸오오,0
398,신의 언어,9.72,장래혁,0
399,갓물주,9.91,HD3,0
400,고래별,9.98,나윤희,0
401,자취방 신선들,9.93,마로,0
402,탑코너,9.85,윤성,0
403,구름이 피워낸 꽃,9.97,비온후,0
404,리턴 투 플레이어,9.86,인덱스,0
405,왕따협상,9.43,아이아리,0
406,별종,9.94,이무기,0
407,"플레이, 플리",9.96,이에프,0
408,정년이,9.98,서이레,0
409,이츠마인,9.97,럭스,0
410,방탈출,9.94,십박,0
411,금혼령-조선혼인금지령,9.96,천지혜,0
412,팔려 온 신부,9.65,"지기, 시크크",0
413,피와 나비,9.95,레민,0
414,동트는 로맨스,9.98,유월,0
415,아도나이,9.94,주동근,0
416,삶이 우리를 속일지라도,9.94,김지수,0
417,상남자,9.79,도가도,0
418,이것도 친구라고,9.96,제야,0
419,사장님을 잠금해제,9.94,박성현,0
420,미래의 골동품 가게,9.97,구아진,0
421,오늘 밤만 재워줘,9.77,해번,0
422,시월드 판타지,9.89,진돌,0
423,땅 보고 걷는 아이,9.95,다온,0
424,내게 필요한 NO맨스,9.94,마그네슘,0
425,롤랑롤랑,9.98,자유,0
426,가비지타임,9.96,2사장,0
427,얼굴천재,9.82,지에이,0
428,침범,9.83,공세리,1
429,별을 삼킨 너에게,9.92,ARI,0
430,일진이 사나워,9.82,강환영,0
431,소심한 팔레트,9.96,한민기,0
432,두근두근 연극부,6.78,김태경,0
433,남자주인공의 여자사람친구입니다,9.89,류희온,0
434,판사 이한영,9.48,문성호,0
435,새벽 두 시의 신데렐라,9.95,산차,0
436,올가미,9.96,해무리,0
437,스트러글,8.94,윤준식,0
438,다이스(DICE),9.42,윤현석,0
439,꿈의 기업,9.97,문지현,0
440,셧업앤댄스,9.97,이은재,0
441,한강예찬,9.94,김8,0
442,그놈은 흑염룡,9.97,혜진양,0
443,얌전한 사이,8.71,JQ,0
444,강남도깨비,9.71,이경민,0
445,더 트웰브,9.92,공현곤,0
446,은주의 방 2~3부,9.94,노란구미,0
447,공유몽,9.90,주신,0
448,평화선도부,8.96,최경민,0
449,닥터 프로스트 시즌 3~4,9.97,이종범,0
450,광해의 연인,9.95,유오디아,0
451,별이삼샵,9.95,혀노,0
452,데빌샷,9.94,CTK,0
453,안개무덤,9.95,김태영,0
454,사이드킥 2~3,9.97,신의철,0
455,피라미드 게임,9.94,달꼬냑,0
456,도롱이,9.97,사이사,0
457,열불 로맨스,9.96,홍치,0
458,학교정벌,9.31,나락,0
459,연우의 순정,9.96,이솔,0
460,압락사스,9.72,247,1
461,날 가져요,9.94,로즈빈,0
462,오일머니,9.94,정하용,0
463,틴맘,7.04,theterm,0
464,너의 미소가 함정,9.96,앵고,0
465,집사레인저,9.92,현실안주형,0
466,겟라이프,9.86,MOOHAK,0
467,오파츠,9.51,성진,0
468,오른눈이 보는 세계,9.95,코어,0
469,속보입니다,9.74,밀카,0
470,와이키키 뱀파이어,9.97,요니요니,0
471,킬더킹,9.64,마사토끼,0
472,피플,9.87,서승준,0
473,셈하는 사이,9.97,면지,0
474,호시탐탐,9.77,박현정,0
475,이중첩자,9.92,피숙혜,0
476,아르세니아의 마법사,9.84,박성호,0
477,숲속의 담,9.98,다홍,0
478,카루나,9.85,강호진,0
479,정보전사 202,9.13,이작가,0
480,라일락 200%,9.95,아니영,0
481,구독금지,9.92,김이연,0
482,소녀180,9.95,나우원,0
483,에리타,9.94,d몬,0
484,손 잡아 볼래?,9.86,예타쿠,0
485,운수 오진 날,9.58,아포리아,0
486,"저무는 해, 시린 눈",9.96,MURO,0
487,완벽한 가족,9.94,냥빠,0
488,백년게임,9.70,하람,0
489,도플갱어의 게임,9.94,킹스날,0
490,트럼프,9.97,이채은,0
491,시효완성,9.75,"삼바, 미스터리 ...",0
492,나의 우주,9.93,공이,0
493,평행도시,9.95,고다,0
494,동네몬스터,9.84,이현민,0
495,두근두근 네가 좋아서,9.93,서혜은,0
496,괴물신부,9.94,상범,0
497,링크보이,9.79,광진,0
498,언메이크,9.83,박화랑,0
499,나쁜 쪽으로,9.74,오은,0
500,보물과 괴물의 도시,9.94,이을,0
501,조선홍보대행사 조대박,9.86,김양수,0
502,그날 죽은 나는,9.97,이언,0
503,미드나잇 체이서,9.69,석재윤,0
504,도를 아십니까,9.89,이건,0
505,감히,9.87,희나리,0
506,잉여특공대,9.74,물꾹,0
507,인간졸업,9.83,진자,0
508,스테어스,9.52,옹구,0
509,몽홀,9.93,장태산,0
510,너에게만 보이는,9.97,소소만,0
511,불릿 6미리,9.85,김도근,0
512,피노키오 소녀,9.75,망순,1
513,손아귀,9.93,황정훈,0
514,선녀야 야옹해봐!,9.78,햄톨탱크,0
515,악령주의보,9.90,토마토모닝,0
516,필살VS로맨스,9.97,구르,0
517,커넥트,9.58,신대성,0
518,안식의 밤,9.93,연제원,0
519,아테나 컴플렉스,9.88,케이사르,0
520,언데드,9.83,김우준,0
521,9등급 뒤집기,9.17,아백,0
522,꼬맹이를 부탁해!,9.97,마라링,0
523,원하는 건 너 하나,8.84,"달콤J,박성실",0
524,지구멸망버튼,9.71,박장고,0
525,아이고 아이고,9.92,하모,0
526,안녕 나의 모모로,9.97,켄타,0
527,더 게이머,8.56,성상영,0
528,아침을 지나 밤으로,9.94,손지은,0
529,여기 악마가 있어,9.89,맷집왕,0
530,버그,6.90,해마,0
531,스윗솔티,9.97,달삐,0
532,저세상 클라스!,9.95,꾀돌이,0
533,온새미로,9.89,여우,0
534,헬로맨스,9.69,이공주,0
535,하슬라,9.93,까를로스,0
536,뱀파이어의 꽃,9.85,카나리아,0
537,도사 가온,9.89,김상민,0
538,기억흔적,9.91,브라보 장,0
539,인간의 온도,9.90,이재익,0
540,천도,9.89,진작,0
541,후아유!,9.96,이범,0
542,무주의 맹시,9.95,마누비,0
543,왕세자 입학도,9.98,무번,0
544,신이 담긴 아이,9.89,건치,0
545,스캔들,9.80,"달콤J,티바",0
546,깁스맨,9.85,맹물,0
547,드로잉 레시피,9.96,꼬모소이,0
548,인문학적 감수성,9.86,교날,0
549,소녀 해미,9.64,이현우,0
550,가담항설,9.98,랑또,0
551,장단에 맞춰줘!,9.80,햇님,0
552,이런 영웅은 싫어,9.97,삼촌,0
553,빛빛빛,9.92,수진,0
554,모락모락 왕세자님,9.87,원해,0
555,데이즈,6.89,양수,0
556,오늘도 사랑하세요,9.81,하찌,0
557,백호랑,9.92,박혬,0
558,저승사자 출입금지,9.81,심웅섭,0
559,밤하늘에 구름운,9.96,견지,0
560,"안녕, 이바다씨",9.90,문나영,0
561,Here U Are,9.65,D JUN,0
562,인싸라이프,9.09,힐링달,0
563,노력의 결과,9.94,악파,0
564,합법해적 파르페,9.95,뼈피살,0
565,물레,9.81,고긱,0
566,꼬리 있는 연애,9.92,진하,0
567,레사(lessa),9.95,POGO,0
568,위험한 신입사원,9.65,박수정,0
569,여름은 뜨겁다,9.21,JQ,0
570,제로게임,9.97,즐바센,0
571,죽여주는 탐정님,9.87,뻥,0
572,구주의 시간,9.83,송극장,0
573,매지컬 메디컬,9.86,지공,0
574,FM보이,9.96,육일공,0
575,커피도둑,9.94,유지별이,0
576,스몰,9.90,을승,0
577,평범한 8반,9.85,영파카,0
578,사우러스,9.83,이노,0
579,노선도,9.79,효기,0
580,칼부림,9.90,고일권,0
581,함부로 대해줘,9.87,선우,0
582,비스타,8.16,유마,0
583,누군가의 로섬,9.95,방농구,0
584,블루투스,7.44,국승원,0
585,개장수,9.98,김규삼,0
586,나의 첫번째 새벽,9.93,신매,0
587,먹지마세요,9.94,노도,0
588,닥터 하운드,9.97,아루아니,0
589,교환일기,9.94,한끼룩,0
590,[드라마원작] 스위트홈,9.97,김칸비,0
591,럭키언럭키,9.94,가천가,0
592,러브슬립,9.79,오창호,0
593,노블레스,9.62,손제호,0
594,그녀의 버킷리스트,9.94,황양,0
595,가타부타타,9.95,숭어,0
596,한번 더 해요,9.91,미티,0
597,친애하는 X,9.97,반지운,0
598,거미,9.89,모아이,0
599,타인은 지옥이다,9.86,김용키,0
600,골든 체인지,9.98,브림스,0
601,데드라이프,9.65,후렛샤,0
602,러브슬립 2부,9.83,오창호,0
603,구구까까,9.94,혜니,0
604,용비불패 완전판,9.98,류기운,0
605,위대한 방옥숙,9.95,매미,0
606,하이브 1~2,9.95,김규삼,0
607,유비님께 투자하겠어,4.21,B급달궁,0
608,스피릿 핑거스,9.98,한경찰,0
609,하우스키퍼,9.97,채용택,0
610,에이머,9.79,구동인,0
611,이웃집의 훈훈한 스토커군,4.27,teamGOGI+,0
612,하이브 3,9.97,김규삼,0
613,그 판타지 세계에서 사는 법,9.98,촌장,0
614,개미,9.79,재희,0
615,피와 살,9.94,황준호,0
616,어쩔꼰대,9.85,강선율,0
617,오버더문,9.93,포르토,0
618,검은인간,9.98,이저녁,0
619,오늘도 사랑스럽개,9.98,이혜,0
620,결백한 사람은 없다,9.85,서각,0
621,3cm 헌터,9.89,돌연변이,0
622,마술사,9.93,김세래,0
623,특수 영능력 수사반,9.56,사다함,0
624,비흔,9.94,정재한,0
625,낮에 뜨는 달,9.93,헤윰,0
626,헬퍼,9.95,삭,0
627,모범택시,9.83,까를로스,0
628,8월의 눈보라,9.35,김리아,0
629,헬로도사,9.62,웅비,0
630,나노리스트,9.98,민송아,0
631,텃밭부 사건일지,9.98,오이츄,0
632,둥굴레차!,9.95,기라3,0
633,방백남녀,9.92,고태호,0
634,지금 우리 학교는,9.52,주동근,0
635,타인지옥 - 연쇄살묘사건,9.90,김용키,0
636,동토의 여명,9.94,김정휘,0
637,부활남,9.51,채용택,0
638,반중력소녀,9.77,겨울,0
639,캉타우,9.94,신형욱,0
640,천국의 신화,9.88,이현세,0
641,돌아온 럭키짱,3.80,김성모,0
642,신선비,9.91,이서현,0
643,악취,9.92,디귿,0
644,이계 무슨 황비,9.97,전현서,0
645,만찢남녀,9.97,님니,0
646,POGO 공포단편선 - 혼집,9.91,POGO,0
647,치즈인더트랩,9.99,순끼,0
648,결계녀,9.87,김태경,0
649,요괴대전,9.76,강두식,0
650,마스크걸,9.96,매미,0
651,테러맨,9.96,한동우,0
652,신석기녀,9.97,재아,0
653,신과함께,9.98,주호민,0
654,핑크레이디,9.92,"연우,서나",0
655,좀비딸,9.97,이윤창,0
656,남과 여,9.98,혀노,0
657,사이드킥,9.94,신의철,0
658,아일랜드 2부,9.97,윤인완,0
659,조의 영역,9.94,조석,0
660,신령,9.97,이혜,0
661,플루타크 영웅전,9.14,양영순,0
662,열등의 조건,9.89,또이,0
663,화양연화 Pt.0 ＜SAVE ME＞,9.00,Big Hit E...,0
664,하나의 하루,9.95,석우,0
665,철벽! 연애 시뮬레이션,9.96,혜니,0
666,소녀더와일즈,9.43,HUN,0
667,갑자기 커피,9.77,우,0
668,격투기특성화사립고교 극지고,9.78,허일,0
669,태왕광개토,9.77,청안랑,0
670,머니게임,9.95,배진수,0
671,공복의 저녁식사,9.75,김계란,0
672,심심한 마왕,9.86,김상민,0
673,내 ID는 강남미인!,9.83,기맹기,0
674,키드갱,9.91,신영우,0
675,미쳐 날뛰는 생활툰,9.79,Song,0
676,죽은 마법사의 도시,9.95,김칸비_팀 겟네임,0
677,문아,9.95,팬마,0
678,꽃 피는 날,9.95,두루,0
679,후레자식,9.98,김칸비,0
680,소울카르텔,9.96,하람,0
681,패션왕,8.33,기안84,0
682,2019 귀신사용설명서 - 괴담의 재구성,9.29,웹툰작가,0
683,신암행어사,9.95,윤인완,0
684,그린보이,9.90,정재한,0
685,가난을 등에 업은 소녀,8.81,B급달궁,0
686,갓도령스,9.96,도로롱,0
687,연의 편지,9.98,조현아,0
688,헌팅,9.75,은성,0
689,찌질의 역사,9.89,김풍,0
690,미시령,9.93,모코넛,0
691,파도를 찾아라!,9.97,김정현,0
692,그래서 나는 안티팬과 결혼했다,9.95,재림,0
693,이말년 서유기,8.87,이말년,0
694,어빌리티,9.76,손제호,0
695,그녀는 무사다,9.31,명랑,0
696,오!주예수여,9.98,아현,0
697,아일랜드 1부,9.96,윤인완,0
698,돼지우리,9.88,김칸비,0
699,스페이스 킹,9.92,박성용,0
700,꽃가족,9.92,이상신,0
701,아메리카노 엑소더스,9.41,박지은,0
702,11me,9.88,고지애,0
703,데이빗,9.92,d몬,0
704,마이너스의 손,9.96,김뎐,0
705,어서오세요.305호에,9.96,와난,0
706,이제 곧 죽습니다,9.66,이원식,0
707,시타를 위하여,9.97,하가,0
708,버닝헬,9.95,윤인완,0
709,미스터 해녀,8.92,빡세,0
710,"OH, MY GOD!",9.94,강지영,0
711,연애의 정령,9.95,김호드,0
712,한남동 케이하우스,9.47,박태준,0
713,퍼스트 미션,9.97,신의철,0
714,폭풍의 전학생,9.55,강냉이,0
715,떨림,8.68,원수연,0
716,용이산다,9.77,초,0
717,오렌지 마말레이드,9.91,석우,0
718,첩보의 별,9.86,이상신,0
719,낚시신공,8.63,귀귀,0
720,썸머 브리즈,9.98,한경찰,0
721,잭슨의 관,9.77,CTK,0
722,봉이 김선달,9.54,"양우석,정하용",0
723,조선방랑야사,9.88,가현,0
724,귀인,9.93,정연식,0
725,알고있지만,9.97,정서,0
726,어글리 피플즈,9.44,배사과,0
727,인간의 숲,9.98,황준호,0
728,스퍼맨 시즌1,9.94,하일권,0
729,마주쳤다,9.83,하일권 X 네이버...,0
730,고교생을 환불해 주세요,9.98,Croissant,0
731,문유,9.96,조석,0
732,한국만화 1990,9.75,웹툰작가,0
733,체인지,8.14,진원,0
734,윈터우즈,9.98,cosmos,0
735,안나라수마나라,9.95,하일권,0
736,SM 플레이어,9.92,랑또,0
737,천국의 신화 6부,9.93,올댓스토리,0
738,Ho!,9.97,억수씨,0
739,달콤한 인생_스페셜 에피소드,9.98,이동건,0
740,쎈놈,9.80,박용제,0
741,수평선,9.95,정지훈,0
742,2018 재생금지,9.67,웹툰작가,0
743,공대생 너무만화,9.97,최삡뺩,0
744,레코닝,9.98,이혜,0
745,쌉니다 천리마마트,9.98,김규삼,0
746,고시생툰,9.92,seri,0
747,체스아일,9.86,cid 혁군,0
748,질풍기획 시즌1,9.96,이현민,0
749,파리대왕,9.48,워커,0
750,싸귀2 : 퇴마록,9.69,임인스,0
751,언더프린,9.95,브림스,0
752,천년구미호,9.96,기량,0
753,안 돼요 마왕님!,9.96,마로,0
754,닭강정,9.71,박지독,0
755,하늘아래 우체부,9.30,란게,0
756,뱀파이어,9.95,오세형,0
757,또한번 엔딩,9.83,타리,0
758,하르모니아,9.94,YOON,0
759,크리퍼스큘,9.94,밀치,0
760,개판,9.88,현욱,0
761,방과 후 전쟁활동,9.82,하일권,0
762,이상하고 아름다운,9.98,허니비,0
763,여중생A,9.98,허5파6,0
764,아는사람 이야기,9.95,오묘,0
765,첩보의 별 시즌2,9.92,이상신,0
766,데드데이즈(DEAD DAYS),9.97,DEY,0
767,가우스전자 시즌1~2,9.96,곽백수,0
768,형의 그녀,8.44,박재성,0
769,에피소드칵테일,9.81,정마루,0
770,탈(TAL),9.94,강임,0
771,35cm,9.50,홍가,0
772,키드갱 시즌2,9.94,신영우,0
773,라라파루자,8.97,YUYU,0
774,플로우,9.96,허니비,0
775,물고기가 보이는 남자,9.93,차세기,0
776,불량 뱀파이어,9.16,이유정,0
777,군인RPG,9.76,십박,0
778,위아더 능력자!,9.93,손하기,0
779,신을 죽이는 방법,9.96,나락,0
780,오늘의 낭만부,9.58,억수씨,0
781,언더클래스 히어로,9.96,김우준,0
782,노네임드(NoNameD),9.96,문지현,0
783,에피소드메이비,9.86,정마루,0
784,리버스,9.31,임달영,0
785,너에게 하고 싶은 말,9.88,정지훈,0
786,열일곱,5.70,플레이리스트,0
787,야부리맨,9.84,미티,0
788,스튜디오 짭쪼롬,9.97,오묘,0
789,완벽하지 않은 키스,9.94,강기언,0
790,반지의제왕,5.27,이문희,0
791,지금 이 순간 마법처럼,9.98,나윤희,0
792,N의등대-눈의등대,9.91,김규삼,0
793,네가 없는 세상,9.95,시니,0
794,하나(HANA),9.93,와난,0
795,마도,9.76,이밤,0
796,언원티드,9.83,둠스,0
797,비스트사인,7.75,해밀k,0
798,퇴마전쟁,9.84,한(恨),0
799,금붕어,9.96,명랑,0
800,블러드레인,9.86,MEEN,0
801,펫다이어리,9.95,요한,0
802,아기낳는만화,9.82,쇼쇼,0
803,국립자유경제 고등학교 세실고,9.95,양혜석,0
804,플라스틱 걸,9.90,리나,0
805,일등당첨,9.29,미티,0
806,라크리모사,9.69,임인스,0
807,절벽귀,9.97,오성대,0
808,숨:킬더바디,9.79,이재헌,0
809,문래빗,9.97,이난,0
810,고인의 명복,9.98,조주희,0
811,위장불륜 (僞裝不倫),9.89,히가시무라 아키코,0
812,탐구생활2,9.75,메가쑈킹,0
813,알게뭐야,9.96,김재한,0
814,새끼손가락,9.93,이익수,0
815,지상 최악의 소년,9.87,정필원,0
816,N의등대-busted,9.87,조석,0
817,푸른사막 아아루,9.97,달꽃,0
818,방울토마토,9.96,조양,0
819,마녀사냥,9.95,박소,0
820,타임인조선,9.93,이윤창,0
821,심연의 하늘 시즌5,9.92,윤인완,0
822,어른스러운 철구,9.93,해다란,0
823,얼룩말,9.96,자유,0
824,공주는 잠 못 이루고,9.95,하가,0
825,매지컬 고삼즈,9.96,seri,0
826,스펙트럼 분석기,9.80,도국,0
827,야채호빵의 봄방학,9.98,박수봉,0
828,5kg을 위하여,9.56,수오수,0
829,드래곤레시피,9.33,ELDO,0
830,프린세스 5부,9.69,한승원,0
831,미라클! 용사님,9.96,정하,0
832,녹두전,9.98,혜진양,0
833,송곳 1~3부,9.96,최규석,0
834,붉은 실,9.94,동비,0
835,니편내편,9.89,미티,0
836,열아홉스물하나,9.95,요한,0
837,투엔티스,9.94,김명현,0
838,에이틴,9.38,Playlist ...,0
839,당신만 몰라!,9.96,유리아,0
840,ㄹㅇ 관종,9.55,9P,0
841,신시의 손님,9.97,이뫄,0
842,우리 오빠는 아이돌,9.92,성은,0
843,인챈트-나람이야기,9.95,자유,0
844,독신으로 살겠다,9.67,선정성,0
845,"아이소포스 1, 2부",9.96,김양수,0
846,심연의 하늘 시즌 1~3,9.41,윤인완,0
847,꽃미남 저승사자,9.89,"사지현, 히어리 ...",0
848,모디파이,8.61,임달영,0
849,연애학,9.77,맹물,0
850,상중하,9.87,한(恨),0
851,금수저,9.94,HD3,0
852,우월한하루,9.94,팀 겟네임,0
853,향수,9.93,석우,0
854,좀비를 위한 나라는 없다,9.94,모래인간,0
855,수업시간그녀,9.94,박수봉,0
856,호야,9.68,큰빛,0
857,시간의 섬,9.80,이아,0
858,기타맨,9.94,손규호,0
859,투명한 동거,9.91,정서,0
860,바람이 머무는 난,9.95,신월,0
861,김왕짱,9.84,이난,0
862,ENT.,9.25,박미숙,0
863,빵점동맹,9.55,마사토끼,0
864,아이소포스 3부,9.95,김양수,0
865,질풍기획 시즌2,9.97,이현민,0
866,천사가 아니야,9.96,박유나,0
867,스페이스 차이나드레스,9.88,최봉수,0
868,시노딕,9.94,현욱,0
869,견우와 직녀,9.95,유리아,0
870,마왕이 되는 중2야,9.93,38,0
871,바로잡는 순애보,9.94,이채영,0
872,감염자,9.95,이강,0
873,그들에게 사면초가,9.94,소이,0
874,거상 김만덕,9.89,신지상,0
875,마음의 숙제,9.98,고아라,0
876,투명살인,9.90,돌연변이,0
877,아부쟁이,9.91,이익수,0
878,소년전[Limit],9.73,라디야,0
879,고삼이 집나갔다,9.74,미티,0
880,전설의 레전드,9.73,강냉이,0
881,크레이터,9.93,태발,0
882,올해의 벚꽃도 함께,9.97,박수봉,0
883,좋아하는 부분,9.95,타리,0
884,아빠를 찾습니다,9.86,동비,0
885,은주의 방,9.95,노란구미,0
886,수학 잘하는 법,9.91,하비영,0
887,기태류,9.89,배드이리,0
888,오즈랜드,9.98,이윤창,0
889,모던패밀리,9.94,외눈박이,0
890,국립자유경제고등학교 세실고 2학기,9.97,양혜석,0
891,재앙은 미묘하게,9.96,안성호,0
892,초록인간,9.83,태발,0
893,목욕의 신,9.98,하일권,0
894,창궐,9.63,황조윤,0
895,오컬트,9.05,신진우,0
896,늑대와 빨간모자,9.98,슈안,0
897,빨강,9.78,그냥연어,0
898,펀브로커,9.92,피터-Pen,0
899,냄새를 보는 소녀,9.97,만취,0
900,로베스의 완전감각,9.97,정샛별,0
901,악연,9.90,황준호,0
902,커피우유신화,9.93,마사토끼,0
903,웃지 않는 개그반 시즌1~2,9.76,현용민,0
904,허니허니 웨딩,9.92,문나영,0
905,블라인드 메르헨,9.79,윤현석,0
906,3단합체김창남,9.95,하일권,0
907,같은도장,9.98,이힝,0
908,버프소녀 오오라,9.91,김규삼,0
909,원티드,9.93,럭스,0
910,킬러분식,9.96,한(恨),0
911,키스우드,9.95,안성호,0
912,여중생A-우리들의 축제,9.98,허5파6,0
913,병의 맛,9.98,하일권,0
914,언터처블,9.97,맛스타,0
915,레드돌,9.87,최윤열,0
916,개미잡이,9.81,이익수,0
917,흐드러지다,9.92,연제원,0
918,강시대소동,9.74,주동근,0
919,냥하무인,9.93,박성현,0
920,콘스탄쯔 이야기,9.93,김민정,0
921,블랙시저스,9.95,유령,0
922,프린스의 왕자 - 카페 드 쇼콜라 -,9.95,재아,0
923,고고고,9.97,정은경,0
924,두근두근두근거려,9.95,하일권,0
925,소유,9.91,한(恨),0
926,악당의 사연,9.92,랑또,0
927,첫사랑입니다만,9.93,산차,0
928,묵회,9.91,한나,0
929,모퉁이 뜨개방,9.99,소영,0
930,라이징패스트볼,9.51,박현수,0
931,제페토,9.95,연제원,0
932,킥,7.75,강냉이,0
933,굿모닝 스페이스,9.87,이수정,0
934,달수 이야기,9.98,산삼,0
935,Doll 체인지,9.97,늉비,0
936,프린세스 1~4부,9.96,한승원,0
937,킬링타임,9.93,혼,0
938,삵의 발톱,9.91,손영완,0
939,이모네 집에 갔는데 이모는 없고,9.09,신해영,0
940,진진돌이 제로,9.92,윤종문,0
941,프린스의 왕자,9.98,재아,0
942,무한동력,9.93,주호민,0
943,악의는 없다,9.48,환쟁이,0
944,단편 할머니/나는내일죽는다,9.89,태발,0
945,폭풍의 전학생 - 리부트,8.64,강냉이,0
946,고류 진,9.93,바른꽃,0
947,모태솔로수용소,9.92,석재윤,0
948,AA,9.68,"선정, 지숙",0
949,N의등대-thecalling,9.79,강호진,0
950,시큼새큼,9.90,묘니,0
951,MZ-레이징 인페르노,9.98,최훈,0
952,야! 오이,9.92,랑또,0
953,계룡선녀전,9.98,돌배,0
954,제로,9.77,정재한,0
955,진진돌이 에볼루션,9.91,김기정,0
956,아르마,9.96,병장,0
957,미호이야기,9.96,혜진양,0
958,몽연,9.78,김종진,0
959,우주최강대스타,8.87,젤리피쉬,0
960,오라존미,9.98,허5파6,0
961,삼봉이발소,9.94,하일권,0
962,폰령,9.60,웹툰작가,0
963,프로젝트 X,9.89,태발,0
964,지새는 달,9.94,LELE,0
965,유령극단,9.93,LICO,0
966,네버랜 연대기,9.66,박현수,0
967,두근두근 마감 중,9.43,연두,0
968,유토피아,9.95,늑대삼,0
969,서북의 저승사자,9.98,양세준,0
970,송곳 4~5부,9.94,최규석,0
971,피에는 피,9.97,연제원,0
972,레드초콜릿,9.84,정기림,0
973,방정사,9.91,할리데이,0
974,꼬리,9.97,공현곤,0
975,맛집남녀,7.46,츄플엣지,0
976,"17살, 그 여름날의 기적",9.89,석우,0
977,귀각시,9.97,세정,0
978,잉잉잉,9.94,황준호,0
979,악플게임,9.84,미티,0
980,미래소녀,9.96,황준호,0
981,옆반의 인어,9.97,요엔,0
982,호러와 로맨스,9.99,루시드,0
983,멜로홀릭,9.93,팀겟네임,0
984,N의등대-도망자,9.74,김선권,0
985,우리 헤어졌어요,9.89,류채린,0
986,플랫다이어리,9.98,임현,0
987,대표님이 구독하셨습니다,9.51,신지원,0
988,밀웜,9.86,쿼시,0
989,진정친구,9.78,설주,0
990,숲 속의 미마,9.98,후은,0
991,웃지 않는 개그반 시즌3,8.72,현용민,0
992,츄억보정,9.90,하비영,0
993,뱀이 앉은 자리,9.97,김이연,0
994,아이덴티티,9.98,시니,0
995,조선팔도 최강아이돌,9.94,햄쥐주먹,0
996,여기가 씨름부입니까?,9.55,MU,0
997,불만시대,9.78,김8,0
998,은하연인전,9.76,전광철,0
999,연옥님이 보고계셔,9.84,억수씨,0
1000,여고전설,8.72,어스문,0
1001,심연의 하늘 시즌4,7.02,윤인완,0
1002,옆집화랑,9.92,최남새,0
1003,나는 남 너는 녀,9.69,녹밤,0
1004,나의 목소리를 들어라,9.95,이현민,0
1005,두근거려요,9.96,뚱땡이냐옹이,0
1006,파라다이스,9.70,황미나,0
1007,펫다이어리2.런,9.95,요한,0
1008,일사부재리,9.93,김신비,0
1009,반투명인간,9.95,마인드C,0
1010,그랜드 배틀 토너먼트,7.26,강냉이,0
1011,한국만화거장전 : 순정만화특집,9.86,한국만화가협회,0
1012,블랙수트,9.67,박세준,0
1013,한줌물망초,9.96,혜진양,0
1014,조선좀비실록,9.85,곤마,0
1015,아이들은 즐겁다,9.95,허5파6,0
1016,증거,9.81,이승찬,0
1017,의령수,9.88,김우준,0
1018,사랑의 아쿠아리움,9.95,TGM,0
1019,라스트 서브미션,9.94,이행복,0
1020,창위의일루젼,9.18,시우,0
1021,후유증 2,9.88,김선권,0
1022,몽타주,9.91,단우,0
1023,인형의 기사,9.94,신의철,0
1024,컨트롤제트,9.93,미티,0
1025,봉봉오쇼콜라,9.89,오성대,0
1026,귀도호가록,9.97,이수민,0
1027,모태솔로수용소 시즌2~3,9.93,석재윤,0
1028,혈투,9.49,신진우,0
1029,LOST,9.53,정민용,0
1030,판타지스케치 - 더 게임,9.87,엄재경,0
1031,늘 푸른 찻집,9.96,고병준,0
1032,신의한수,9.52,이순기,0
1033,가족사진,9.84,정병식,0
1034,헬로 미스터 테디,9.94,아지,0
1035,적생,9.95,아루아니_팀 겟네임,0
1036,연애세포,9.92,김명현,0
1037,나는 너를 보았다,9.95,모래인간,0
1038,알파,8.52,부겸,0
1039,법대로 사랑하라,9.48,노승아,0
1040,좋아하게 해줘,9.79,지원,0
1041,고향의꽃,9.86,한(恨),0
1042,한섬세대,9.86,유승진,0
1043,MZ,9.94,최훈,0
1044,별의 유언,9.96,후은,0
1045,동네변호사 조들호 시즌1,9.94,해츨링,0
1046,피리부는 남자,9.95,박찬호,0
1047,지원,9.93,한(恨),0
1048,좀비소녀,9.88,DAMA,0
1049,보톡스,9.21,황미나,0
1050,씬커,9.51,권혁주,0
1051,중립디자인구역,9.67,최남새,0
1052,크레이지 커피 캣,9.81,엄재경,0
1053,꽃밭에솔,9.95,209,0
1054,식스틴,9.96,김인태,0
1055,요리대마왕,9.92,랑또,0
1056,봄이여 오라,9.93,샐비,0
1057,부로콜리왕자,9.97,산삼,0
1058,소녀 연대기,9.95,지님,0
1059,wish-마녀의 시간,9.84,한송이,0
1060,경운기를 탄 왕자님,9.90,무적핑크,0
1061,샌프란시스코 화랑관,9.98,돌배,0
1062,10월 28일,9.57,천정학,0
1063,팀 피닉스,9.95,엄재경,0
1064,기사도,9.88,환쟁이,0
1065,다욤이의 다이어트 다이어리,9.26,"아키, 심윤수",0
1066,뷰티플 게임,9.58,박능출,0
1067,영광의 교실,9.92,아니영,0
1068,파도의 주인,9.98,이뫄,0
1069,참새는 새!신부,9.95,99C,0
1070,너와 너 사이,9.94,오지혜,0
1071,섀도우,9.96,유느지,0
1072,저승에서 만난 사람들,9.97,단우,0
1073,타인의 로맨스,9.92,호욱,0
1074,연 시즌2,9.77,구아진,0
1075,스토커,9.93,단우,0
1076,후유증,9.37,김선권,0
1077,원 뿔러스 원,9.97,청보리,0
1078,루시퍼의 경호원,9.58,문설희,0
1079,머리카락을 뽑으면,9.93,이다몽,0
1080,소설가J,9.93,오성대,0
1081,사랑일까?,9.93,남지은,0
1082,딥(DEEP),9.95,토우,0
1083,미숙한 친구는 G구인,9.94,최삡뺩,0
1084,나랑 살래?,9.17,은희,0
1085,진눈깨비 소년,9.97,쥬드프라이데이,0
1086,이별만화 완성도,9.85,손경석,0
1087,호곡,9.06,감대,0
1088,살의,9.69,길연,0
1089,세대전쟁,9.44,까를로스,0
1090,우연일까?,9.93,남지은,0
1091,영수의 봄,9.96,이윤희,0
1092,오성X한음,9.95,유승진,0
1093,방 안의 코끼리,9.97,고요,0
1094,데빌카운터,8.79,해밀k,0
1095,어서와,9.95,고아라,0
1096,뱀피르,9.90,카인,0
1097,마야고,9.95,후렛샤,0
1098,3P,9.93,김우준,0
1099,사라지다,9.92,김선우,0
1100,그날의 생존자들,9.75,김선권,0
1101,환상적인 소년,9.98,후은,0
1102,세개의시간,9.89,노란구미,0
1103,그녀는 흡!혈귀,9.94,정성완,0
1104,미결,9.87,꼬마비,0
1105,참치와 돌고래,9.97,이힝,0
1106,하루,9.82,오늘,0
1107,패밀리맨,9.87,정필원,0
1108,찬란하지 않아도 괜찮아,9.98,까마중,0
1109,카오스어택,9.95,맛스타,0
1110,강변살다,9.86,박윤영,0
1111,황금의 핸드메이커,9.93,박장고,0
1112,번개기동대 2009,9.66,박성진,0
1113,2호선 세입자,9.90,정은경,0
1114,단군할배요,9.91,호연,0
1115,미스터리 호러 지하철,9.97,단우,0
1116,허니버니,9.98,소금,0
1117,뜨거운 것이 좋아.,9.66,고민정,0
1118,닭통령 계양반,9.30,미티,0
1119,"이기자, 그린",9.96,김8,0
1120,나의 짝사랑 고백법,9.83,해미,0
1121,속삭이는 e로맨스,9.87,최경아,0
1122,하늘쌤은 피곤해,9.83,hemo,0
1123,어쩐지 수상하더라,9.84,디기사,0
1124,까치우는 날,9.77,누비,0
1125,코끼리를 끌어안는 방법,9.95,백희정,0
1126,빙의,9.97,후렛샤,0
1127,로딩,9.66,이지우,0
1128,완벽한 허니문,9.97,화류동풍,0
1129,새벽9시,9.70,서재일,0
1130,리즌,9.79,이익수,0
1131,구원자,7.49,이한빈,0
1132,그런지,9.88,김이랑,0
1133,블랙엔젤,9.63,meen,0
1134,월남특급,9.87,김혜원,0
1135,MY OH,9.96,박카린,0
1136,헬프탑,9.95,황인빈,0
1137,악마에게 은총을,9.73,백지연,0
1138,출격! 반보트,9.91,TGM,0
1139,MZ-퓨어 이블,9.97,최훈,0
1140,오늘부터 주군,9.64,박카린,0
1141,테제,9.57,하람,0
1142,죄의 파편,9.95,이승찬,0
1143,왕으로 살다,9.94,네스티캣,0
1144,로봇빠찌,8.65,김상욱,0
1145,대작,9.93,범우,0
1146,뚝배기 깨러 왔습니다,8.10,임성훈,0
1147,손의 흔적,9.28,유성연,0
1148,점핑오버,9.94,조니조,0
1149,열쇠줍는아이,9.84,최윤진,0
1150,102030,8.93,H,0
1151,슈퍼트리오,9.25,황미나,0
1152,새와 같이,9.95,후은,0
1153,화이트멜로우,9.95,임진국,0
1154,우주전함 몰라몰라,9.54,고리타,0
1155,장미아파트 공경비,9.70,권정희,0
1156,운빨로맨스,9.96,김달님,0
1157,동네변호사 조들호 시즌2,8.01,해츨링,0
1158,파우스트 인 러브,9.86,허니맨,0
1159,리턴,9.85,송래현,0
1160,귀신이지만 사랑하고 싶어,9.95,엔엔,0
1161,바이올린처럼.,9.92,김윤주,0
1162,레드카펫,9.91,임진국,0
1163,"안녕, 나는 너를 좋아해",9.71,하토,0
1164,그린스마일,9.91,권혁주,0
1165,사또(Satto),9.80,최윤진,0
1166,환생소녀,9.80,이지훈,0
1167,러브판타지페이퍼,9.94,단우,0
1168,데모니악,9.95,후렛샤,0
1169,오직 나의 주인님,9.94,상수,0
1170,번데기스,7.97,김경호,0
1171,간질간질,9.22,손하은,0
1172,레이디악숀,8.35,령,0
1173,파리의 우리동네,9.93,이재이,0
1174,꿀벌과 아카시아,9.96,잔스,0
1175,소나기야,9.95,와루,0
1176,우렁집사,9.94,최경아,0
1177,"안녕, 대학생",7.95,다니,0
1178,최후의 만찬,9.56,이주영,0
1179,슈퍼트리오 시즌2,7.36,황미나,0
1180,멍순이,9.83,김달님,0
1181,바람의 색,9.92,재아,0
